{
  "vae": {
    "runs": [
      {
        "fid": 481.7962341308594,
        "kid_mean": 0.5237937569618225,
        "kid_std": 0.012307027354836464,
        "generator": "vae",
        "seed": 42
      }
    ],
    "summary": {
      "n_runs": 1,
      "fid_mean": 481.7962341308594,
      "fid_std": 0.0,
      "kid_mean": 0.5237937569618225,
      "kid_std": 0.0
    }
  },
  "dcgan": {
    "runs": [
      {
        "fid": 321.7020263671875,
        "kid_mean": 0.2814549505710602,
        "kid_std": 0.011527275666594505,
        "generator": "dcgan",
        "seed": 42
      }
    ],
    "summary": {
      "n_runs": 1,
      "fid_mean": 321.7020263671875,
      "fid_std": 0.0,
      "kid_mean": 0.2814549505710602,
      "kid_std": 0.0
    }
  },
  "ddpm": {
    "runs": [
      {
        "fid": 360.3536682128906,
        "kid_mean": 0.36592790484428406,
        "kid_std": 0.017438532784581184,
        "generator": "ddpm",
        "seed": 42
      }
    ],
    "summary": {
      "n_runs": 1,
      "fid_mean": 360.3536682128906,
      "fid_std": 0.0,
      "kid_mean": 0.36592790484428406,
      "kid_std": 0.0
    }
  },
  "config": {
    "n_generated": 256,
    "n_real": 256,
    "kid_subsets": 5,
    "kid_subset_size": 50,
    "metric_batch_size": 128
  }
}